sigma,lambda_star_empirical,lambda_star_approx,abs_error,rel_error
0.0,1.0,1.0,0.0,0.0
0.1,0.8,1.0,0.19999999999999996,0.24999999999999994
0.25,0.75,1.0,0.25,0.3333333333333333
0.5,0.7,1.0,0.30000000000000004,0.42857142857142866
1.0,1.0,1.0,0.0,0.0
2.0,1.0,1.0,0.0,0.0
