{
  "n_main_records": 228,
  "n_extreme_records": 30,
  "n_bound_violations": 0,
  "n_fittable_rate_records": 152,
  "tightness_by_family": {
    "clustered_points": {
      "n": 72,
      "median": 0.18744320708040296,
      "q25": 0.0018434177651049906,
      "q75": 0.6169067083358416,
      "min": 3.812685870879809e-08,
      "max": 0.8083224417150813
    },
    "grid_1d": {
      "n": 5,
      "median": 0.010851217569386081,
      "q25": 0.0024421002506827853,
      "q75": 0.03161911282760918,
      "min": 0.0003054742624932484,
      "max": 0.06809472621311284
    },
    "iid_random": {
      "n": 30,
      "median": 0.011899469321330998,
      "q25": 0.002507352556587168,
      "q75": 0.036589798869848006,
      "min": 0.00025703583872251296,
      "max": 0.08364593596616515
    },
    "random_points": {
      "n": 45,
      "median": 0.02651675604578448,
      "q25": 0.0012383828504558727,
      "q75": 0.10780788816347095,
      "min": 3.0646453305646544e-06,
      "max": 0.3165196150273507
    }
  },
  "tightness_structured_median_unmatched": 0.10184023710977884,
  "tightness_unstructured_median_unmatched": 0.011899469321330998,
  "tightness_by_family_at_matched_eps": {
    "0.1": {
      "clustered_points": 1.3047485925399048e-07,
      "grid_1d": 0.0003054742624932484,
      "iid_random": 0.000294459809495244,
      "random_points": 2.56344826399188e-05
    },
    "0.133994": {
      "clustered_points": 1.085965836491792e-05,
      "grid_1d": 0.0024421002506827853,
      "iid_random": 0.002526276111985872,
      "random_points": 0.00046618525080919875
    },
    "0.179544": {
      "clustered_points": 0.0002851338492874372,
      "grid_1d": 0.010851217569386081,
      "iid_random": 0.011899469321330998,
      "random_points": 0.0037863266010567187
    },
    "0.240578": {
      "clustered_points": 0.003514292941536515,
      "grid_1d": 0.03161911282760918,
      "iid_random": 0.0355344389881774,
      "random_points": 0.01685341819742609
    },
    "0.322361": {
      "clustered_points": 0.02346377509414057,
      "grid_1d": 0.06809472621311284,
      "iid_random": 0.07668367195613604,
      "random_points": 0.04850087215336634
    }
  },
  "extreme_sweep_mean_iters_by_family_eps": {
    "iid_random": {
      "eps": [
        0.02,
        0.028284,
        0.04,
        0.056569,
        0.08
      ],
      "mean_n_iter_by_eps": {
        "0.02": 511.3333333333333,
        "0.028284": 152.33333333333334,
        "0.04": 74.0,
        "0.056569": 44.333333333333336,
        "0.08": 27.0
      }
    },
    "random_points": {
      "eps": [
        0.02,
        0.028284,
        0.04,
        0.056569,
        0.08
      ],
      "mean_n_iter_by_eps": {
        "0.02": 203.66666666666666,
        "0.028284": 136.66666666666666,
        "0.04": 93.33333333333333,
        "0.056569": 66.66666666666667,
        "0.08": 47.666666666666664
      }
    }
  },
  "cost_convergence_final_gap": 0.008988972530718061,
  "cost_convergence_initial_gap": 0.2559212569431323,
  "wallclock_seconds": 5.414312362670898
}