{"n_start": 1, "count": 300, "heights": [14.134725141734695, 21.022039638771556, 25.01085758014569, 30.424876125859512, 32.93506158773919, 37.586178158825675, 40.9187190121475, 43.327073280915, 48.00515088116716, 49.7738324776723, 52.970321477714464, 56.44624769706339, 59.34704400260235, 60.83177852460981, 65.1125440480816, 67.07981052949417, 69.54640171117398, 72.0671576744819, 75.70469069908393, 77.1448400688748, 79.33737502024937, 82.91038085408603, 84.73549298051705, 87.42527461312523, 88.80911120763446, 92.49189927055849, 94.65134404051989, 95.87063422824531, 98.83119421819369, 101.31785100573138, 103.72553804047834, 105.44662305232609, 107.1686111842764, 111.02953554316967, 111.87465917699264, 114.32022091545271, 116.22668032085755, 118.79078286597621, 121.37012500242065, 122.94682929355258, 124.25681855434577, 127.5166838795965, 129.57870419995606, 131.08768853093267, 133.4977372029976, 134.75650975337388, 138.11604205453344, 139.7362089521214, 141.12370740402113, 143.11184580762063, 146.0009824867655, 147.42276534255961, 150.05352042078488, 150.92525761224147, 153.0246938111989, 156.11290929423788, 157.59759181759406, 158.8499881714205, 161.18896413759603, 163.030709687182, 165.5370691879004, 167.1844399781745, 169.09451541556882, 169.9119764794117, 173.41153651959155, 174.75419152336573, 176.44143429771043, 178.37740777609997, 179.916484020257, 182.20707848436646, 184.8744678483875, 185.59878367770747, 187.22892258350186, 189.41615865601693, 192.0266563607138, 193.0797266038457, 195.26539667952923, 196.87648184095832, 198.01530967625192, 201.2647519437038, 202.49359451414054, 204.18967180310455, 205.3946972021633, 207.90625888780622, 209.57650971685626, 211.6908625953653, 213.34791935971268, 214.54704478349143, 216.1695385082637, 219.0675963490214, 220.714918839314, 221.43070555469333, 224.00700025460432, 224.9833246695823, 227.4214442796793, 229.33741330552536, 231.25018870049917, 231.98723525318024, 233.6934041789083, 236.5242296658162, 237.7698204809252, 239.55547757332764, 241.04915779621658, 242.8232719342226, 244.07089849707816, 247.1369900748975, 248.10199006014847, 249.5736896447072, 251.014947795016, 253.06998674799948, 255.30625645491403, 256.38071369443446, 258.6104394915314, 259.874406989678, 260.8050845045969, 263.57389390487015, 265.55785183887633, 266.6149737815011, 267.92191508282406, 269.9704490239976, 271.494055641645, 273.4596091884033, 275.58749264934386, 276.4520495031329, 278.25074352984194, 279.22925092774517, 282.4651147650521, 283.2111857332339, 284.83596398090475, 286.6674453630029, 287.9119205014222, 289.5798549292188, 291.8462913290674, 293.5584341393563, 294.9653696192655, 295.57325487895827, 297.97927706194344, 299.8403260537213, 301.64932546219416, 302.6967495896069, 304.8643713408573, 305.7289126020368, 307.2194961281701, 310.1094631467019, 311.165141530356, 312.4278011806009, 313.9852857311589, 315.47561608947575, 317.7348059423702, 318.8531042563166, 321.1601343091136, 322.14455867248296, 323.4669695575121, 324.8628660517396, 327.44390126190547, 329.03307168048093, 329.9532397282339, 331.4744675826634, 333.64537852486984, 334.2113548332444, 336.84185042839067, 338.3399928508066, 339.85821672536355, 341.04226111104657, 342.0548775103636, 344.6617029402523, 346.34787056600993, 347.2726775844205, 349.31626087069617, 350.4084193491921, 351.87864902535927, 353.4889004887188, 356.0175749772649, 357.1513022520396, 357.95268510163226, 359.74375495311443, 361.28936169580464, 363.33133057897385, 364.736024114089, 366.2127102883313, 367.9935754817403, 368.96843809573437, 370.050919212106, 373.06192837211285, 373.86487391090856, 375.82591276673935, 376.32409223066804, 378.4366802499655, 379.87297534653237, 381.4844686171865, 383.44352944953647, 384.95611681486366, 385.86130084597426, 387.222890222388, 388.84612835423223, 391.45608356363806, 392.2450833395191, 393.427743844434, 395.5828700109937, 396.3818542225922, 397.9187362096142, 399.9851198761949, 401.8392286005332, 402.86191776388614, 404.236441800208, 405.13438745990993, 407.5814603868962, 408.9472455023511, 410.51386919336665, 411.9722678042788, 413.26273607018504, 415.01880975515513, 415.4552149962946, 418.3877057895348, 419.8613648181523, 420.6438276250418, 422.07671005882673, 423.7165796274818, 425.06988249446135, 427.2088250840746, 428.12791407661666, 430.3287454309386, 431.3013069307036, 432.1386417345886, 433.88921848092724, 436.16100643264696, 437.5816981676686, 438.6217386562722, 439.91844221437066, 441.68319920118904, 442.90454630260945, 444.31933627755916, 446.8606226964295, 447.4417041944933, 449.1485456850233, 450.1269457803135, 451.4033084453888, 453.9867378066779, 454.9746837686168, 456.32842668924604, 457.903893064103, 459.513415281106, 460.08794442217584, 462.06536727488253, 464.05728691054827, 465.6715392113711, 466.5702869308262, 467.43904621026167, 469.53600455911203, 470.77365547810166, 472.7991746619088, 473.8352323451397, 475.6003393693758, 476.7690152374845, 478.07526376667096, 478.9421815346348, 481.8303393762866, 482.8347827909824, 483.8514272124825, 485.539148129356, 486.52871826165125, 488.38056709001745, 489.66176157795616, 491.398821593663, 493.3144415817853, 493.9579978053695, 495.3588288221313, 496.4296962157591, 498.58078242968656, 500.3090849416905, 501.6044469651455, 502.27627032711825, 504.49977331342774, 505.41523174224443, 506.46415270952355, 508.8007003364678, 510.26422794367284, 511.5622897003746, 512.6231445314074, 513.6689855554737, 515.4350571672994, 517.5896685724674, 518.2342231475501, 520.1063104117233, 521.525193449492, 522.4566961777302, 523.9605308920159, 525.0773856872796, 527.9036416012724, 528.4062138522927, 529.8062263187069, 530.866917883961, 532.6881830282937, 533.7796307537687, 535.6643140758732, 537.0697590831223, 538.4285261762479, 540.2131663762282, 540.6313902472951, 541.8474371212013]}