{"n_start": 10000, "count": 300, "heights": [9877.782654005501, 9878.654772385693, 9879.03673339657, 9879.8844905968, 9881.102360865354, 9882.192215966334, 9882.831960845038, 9883.648049437514, 9884.820980500272, 9885.417235786023, 9885.83120900369, 9886.927710735841, 9887.495618736772, 9888.361557893202, 9890.123508397477, 9890.457523942801, 9891.628625208285, 9892.0177846605, 9892.882951596244, 9893.96414044415, 9894.773148318747, 9895.597360099307, 9896.023338800158, 9897.287439089347, 9898.182959745887, 9898.405455795066, 9900.125286817558, 9901.066140005894, 9901.825966236685, 9902.414483538098, 9903.15661896877, 9903.79143939543, 9904.892760732266, 9905.49325438122, 9906.664873062418, 9907.434385037664, 9908.602150116692, 9909.272060613606, 9910.349448025856, 9910.681429651764, 9911.831981665544, 9912.738467529918, 9913.738705139338, 9914.211424574838, 9914.653565232147, 9915.596173634192, 9917.067913423512, 9918.138431255651, 9918.705972905998, 9919.6258352471, 9920.376610697596, 9921.243519427358, 9921.71553035668, 9922.55402020569, 9923.879935138664, 9924.43306615365, 9925.273041647408, 9926.413061808584, 9927.151435149744, 9927.864383711185, 9929.442999753495, 9929.761473066552, 9930.426213378845, 9931.256052743141, 9932.269131844621, 9932.650954758234, 9933.826454084356, 9934.527161784927, 9936.297215319617, 9936.799862763819, 9937.37508177704, 9938.090292199618, 9938.884224450978, 9940.057687846333, 9940.795859598653, 9941.500484514216, 9942.487113471518, 9942.896982124983, 9944.195973810469, 9945.165420246662, 9946.088848612186, 9947.064628745418, 9947.59110198655, 9948.742044737879, 9949.102999743172, 9949.990912111169, 9950.398845531956, 9951.907364928711, 9952.854372743592, 9953.86678360315, 9954.182584368704, 9955.724033589024, 9956.068336690647, 9956.810139922614, 9958.007999454681, 9958.649698449124, 9959.512987188624, 9960.295355628037, 9960.856547843392, 9961.770868304298, 9963.326931990736, 9964.155267424641, 9964.838469804185, 9965.726087173101, 9966.208217677962, 9966.866343384534, 9968.062474133754, 9969.033371790907, 9969.310627781915, 9970.570859935058, 9971.790012201232, 9972.396338091194, 9973.115830364513, 9973.9880189037, 9975.185148629796, 9976.076448638154, 9976.556270167453, 9976.956671511267, 9978.332770905872, 9978.625188498596, 9979.889859833109, 9981.329076419308, 9981.83109156484, 9982.732872815279, 9983.553013138042, 9984.152707830424, 9985.067624895308, 9985.625469844354, 9986.981163499286, 9987.702430927793, 9988.313141533621, 9989.133283481588, 9990.230332883673, 9991.445890977604, 9992.253150320328, 9992.735143505608, 9993.666948284756, 9994.62008547267, 9995.190600851283, 9995.877231960972, 9996.556933962112, 9998.094860334975, 9998.850397089675, 10000.065345414536, 10000.651847323768, 10000.918178955611, 10002.279122272888, 10002.980327512225, 10004.04705382817, 10004.679404166065, 10005.31033172764, 10006.052756874655, 10007.372875972387, 10008.034245242814, 10009.099264723476, 10010.396260197882, 10010.859145158247, 10011.551642882458, 10012.098374860016, 10013.033066685102, 10013.836810490508, 10015.055397413913, 10015.610960152244, 10016.655508660675, 10017.828606854677, 10018.380731877744, 10019.121152465781, 10020.331251606163, 10020.810492183286, 10021.883178542297, 10022.591974839763, 10023.327690618393, 10024.066739639991, 10024.538095541742, 10026.533389540024, 10027.33481570881, 10027.693447874715, 10028.612492024522, 10029.431275334806, 10030.406945362265, 10030.747920892552, 10032.013997428565, 10032.544373020044, 10033.898763498722, 10034.362265017264, 10035.3550326246, 10036.357179057723, 10037.201015911463, 10038.185395282555, 10039.091108443916, 10039.586905609278, 10040.32363348423, 10040.921662903522, 10042.165511392175, 10042.74088353137, 10044.106076346783, 10045.027803534702, 10045.857757160322, 10046.696656581564, 10047.317083502548, 10047.592439602, 10049.391328278289, 10049.926325462313, 10050.48634088494, 10051.349057594256, 10052.163555670095, 10053.327193007291, 10054.354850298369, 10055.203177300478, 10056.143956279875, 10056.617249275385, 10057.603014908724, 10058.32912341939, 10058.81193419202, 10059.844775959782, 10060.775329179716, 10062.309512353773, 10062.656191868988, 10063.479254828748, 10064.311095358393, 10065.325453233678, 10066.34537818782, 10066.713406051302, 10067.636020617349, 10068.698969352421, 10069.253551239786, 10069.832670678772, 10071.099619067416, 10072.355741783076, 10073.479214253079, 10073.648643070563, 10074.589654015968, 10075.291872528423, 10076.112937575077, 10076.835141430978, 10078.110533661365, 10078.837457601916, 10079.24386450137, 10080.86016672454, 10081.549987834367, 10082.171789827875, 10083.006831650522, 10084.414566526633, 10084.692785227438, 10085.765052699398, 10086.299054719184, 10086.688407200212, 10087.985149252689, 10089.271409818224, 10090.058993632496, 10091.029958434725, 10091.799143551554, 10092.33876761085, 10093.220539552083, 10094.085166856605, 10094.852038121211, 10095.871378796272, 10096.593534430634, 10097.435473881273, 10098.349034004337, 10099.069323865424, 10100.692196523021, 10101.057303214413, 10102.052180578108, 10102.506272876484, 10103.279650105143, 10104.39991567426, 10104.989014622119, 10105.546035339068, 10107.048063147686, 10108.278190650914, 10108.649560933229, 10109.477910296057, 10110.34155452701, 10110.989128281983, 10112.204258632404, 10112.940879396823, 10113.849020295605, 10114.014153331414, 10115.277431498782, 10116.012498678829, 10117.551403203719, 10118.175293408132, 10118.790580036884, 10120.258762475369, 10120.473986650737, 10121.075650517723, 10121.81187238844, 10122.938099810859, 10124.103683034544, 10124.618205004583, 10125.685579305204, 10126.596546728331, 10127.447135779967, 10128.281282225777, 10129.02830992986, 10130.045754409977, 10130.84981092291, 10131.33545782511, 10132.299913995306]}