{"n_start": 300000, "count": 300, "heights": [201090.14390610566, 201090.834907624, 201091.34798842095, 201092.12849090865, 201092.74665669416, 201093.71520670466, 201094.23820743267, 201094.9137362702, 201095.25319873187, 201095.6681366695, 201096.24218666973, 201096.85542189665, 201097.44616318407, 201098.3281825592, 201098.68763020184, 201099.30582740615, 201099.7122686669, 201100.96195898345, 201101.2998750216, 201101.91082872928, 201102.6189288998, 201103.0221259075, 201103.7363444484, 201104.0131400746, 201105.3208876744, 201105.6958560814, 201105.84968146143, 201106.7381338647, 201107.2027954274, 201107.68315430733, 201108.33363790702, 201108.75812072092, 201109.57685882886, 201110.78203479256, 201111.148529049, 201111.73949406843, 201112.01053274766, 201112.88907192912, 201113.54333046518, 201114.11370563708, 201114.37462244066, 201114.83515936468, 201115.72095365802, 201116.3395062238, 201116.94552779722, 201117.76364791123, 201118.0809562866, 201118.77119509852, 201119.1791858768, 201120.04918965782, 201120.9249328269, 201121.2628292153, 201122.05263196476, 201122.41925953096, 201123.3412877709, 201123.57552414766, 201124.12676399824, 201124.91130799454, 201125.37089736346, 201125.6585390682, 201126.6119391848, 201127.0588165354, 201127.8514647773, 201128.79194928828, 201129.3799154971, 201130.03170232655, 201130.24146044048, 201131.02726643515, 201131.34577193062, 201131.8791158191, 201132.90101496226, 201133.52476245674, 201133.84820919417, 201134.64537892837, 201135.13669840703, 201135.2160995549, 201136.372876188, 201136.9866138311, 201137.63237142182, 201138.14664781504, 201138.82113171657, 201139.75267157838, 201140.2726519981, 201140.7095548527, 201141.23263700443, 201141.73297086477, 201142.4381074982, 201142.75153111757, 201143.49816645955, 201143.89311608596, 201144.95495568917, 201145.63559236188, 201145.86107006914, 201146.82315103925, 201147.57831313967, 201147.80357810063, 201148.41559116036, 201149.20078744367, 201149.92773090574, 201150.1884873375, 201150.91147153158, 201151.36019493866, 201152.40205502743, 201152.65234821365, 201153.38319039147, 201153.52529799633, 201154.17598465108, 201154.92127734888, 201156.01618657142, 201156.78174129114, 201157.15595569814, 201157.6476372133, 201158.23673660576, 201158.89332634152, 201159.1806089595, 201160.0360857736, 201160.61699042094, 201160.93682956477, 201161.60095826563, 201162.64209097915, 201162.80664616218, 201163.55036056755, 201164.16630141524, 201165.1349051746, 201165.5285255936, 201165.9349572043, 201166.62702226252, 201167.33019113675, 201168.05839163915, 201168.674215809, 201169.30870786784, 201169.67631049058, 201169.97208822554, 201170.52324026034, 201171.53418376134, 201171.9105253387, 201172.45312673462, 201173.45578136743, 201174.09090169412, 201174.5760017406, 201175.54398616083, 201175.84929638728, 201176.39760192105, 201177.10649877376, 201177.20864231122, 201177.90060039866, 201178.97123997298, 201179.35413668895, 201179.9937957597, 201180.52516657073, 201180.98344352475, 201181.81596817612, 201182.23564391557, 201182.84994004664, 201183.8177080605, 201184.39649636677, 201185.14571870168, 201185.5343746657, 201185.90450757023, 201186.92739471473, 201187.1295020073, 201187.80761143254, 201188.30157983248, 201189.1342057872, 201189.26709788266, 201189.865817447, 201190.91189338895, 201191.95515477966, 201192.37058343826, 201192.5597719959, 201193.38560874815, 201193.81153000458, 201194.6660661547, 201195.07911922873, 201195.7512231861, 201196.38611828812, 201196.97292618421, 201197.651068066, 201197.82229491524, 201198.85924222833, 201199.10991105193, 201199.7531725569, 201200.40657530093, 201201.37231135616, 201201.79520236194, 201202.74931310577, 201203.1548643133, 201203.79102073802, 201204.2992878149, 201204.7848484278, 201205.35226576705, 201205.7766204971, 201206.2398107906, 201207.43578226594, 201207.83920697978, 201208.32986281844, 201208.94890876632, 201209.5519907081, 201210.40070703824, 201211.24324782396, 201211.54885484333, 201211.95002862407, 201212.53808444025, 201213.51293606777, 201213.98000220256, 201214.5784112214, 201215.22412133834, 201215.59790456414, 201216.32681741487, 201216.55590028016, 201217.13831131568, 201217.99571617495, 201218.97774696452, 201219.32494784292, 201220.46534713532, 201220.75766763362, 201221.15925319973, 201221.70878333226, 201222.29698214037, 201223.16946929268, 201223.4154445669, 201224.20860195954, 201224.55556196556, 201225.31271338792, 201226.00120527323, 201226.63631500633, 201227.19988224772, 201227.7969500013, 201228.34472317903, 201229.0820458057, 201229.5890495708, 201230.5039968125, 201231.42789611404, 201231.5226927989, 201231.79420085967, 201232.58556005458, 201233.29847543698, 201233.91540025035, 201234.23133735132, 201234.77033931907, 201235.580061981, 201236.17580127757, 201237.08858754288, 201237.8118320473, 201238.17339486993, 201239.04308748493, 201239.32933899967, 201239.97404204094, 201240.36584422685, 201241.07726178507, 201241.62597222955, 201242.75879386454, 201242.9356348932, 201243.44140990064, 201244.13528301945, 201244.4711515938, 201245.08347020578, 201246.07037409197, 201246.71001898276, 201247.49032476195, 201247.85676365253, 201248.46878391906, 201249.15179080892, 201249.95140656168, 201250.39350010568, 201250.62678235042, 201251.14956165367, 201252.04451424762, 201252.2095851803, 201253.39142507443, 201253.71188042266, 201254.48085886665, 201255.33519852406, 201255.7431421391, 201256.30230886763, 201256.90484552595, 201257.68712358785, 201257.9909244835, 201258.80539869372, 201259.44919698586, 201259.9673246695, 201260.5861732905, 201260.92858220843, 201261.5979465322, 201262.32998669206, 201262.9146636274, 201263.32736997903, 201263.68394940533, 201265.30358294913, 201265.7345008584, 201266.0726208159, 201266.7278297188, 201267.4299324884, 201267.55969784578, 201268.20436363577, 201269.07641553794, 201269.44258876398, 201270.32074950595, 201270.62016087596, 201271.35669242998]}