{"n_start": 50000, "count": 300, "heights": [40433.68738546216, 40434.22894442435, 40434.98022617925, 40435.61002421166, 40436.42956609802, 40437.16786682699, 40437.93841802478, 40438.66701014477, 40439.61742538805, 40439.934712229355, 40440.903306134154, 40441.61798859632, 40442.5357008132, 40443.140834481754, 40443.22646654436, 40444.11281057764, 40444.84207850743, 40445.428345010325, 40446.78511063759, 40447.484672459876, 40447.87053400052, 40448.95398363522, 40449.58793725297, 40450.157521649824, 40450.655316441946, 40451.39493480835, 40452.067344455994, 40453.20979619248, 40453.82007101752, 40454.02437780089, 40454.924599723214, 40455.78028442562, 40456.44216355222, 40457.42767202092, 40458.32517884793, 40458.925357342836, 40459.536094744406, 40460.02049266893, 40460.81929773819, 40461.447844282295, 40462.19891269077, 40462.650253298394, 40463.58973261637, 40464.222281641916, 40465.568657441196, 40466.157593755925, 40466.7476493961, 40467.04553286442, 40467.82789980265, 40469.080056297265, 40469.44250529551, 40470.115700886985, 40470.993487589985, 40471.4010533215, 40472.06226107923, 40472.83148102546, 40473.632521828324, 40474.37237511798, 40475.492147113946, 40476.178076599565, 40476.77649142502, 40477.459750693604, 40477.98002798146, 40478.85859796752, 40479.260364182934, 40479.64658628951, 40481.128929736966, 40481.53284110455, 40482.44831469622, 40482.77652354937, 40483.862830408085, 40484.64658319284, 40485.46850768169, 40485.77463273282, 40486.76160390572, 40487.36211570421, 40488.19681745472, 40488.85235891874, 40489.45408230057, 40489.91137360841, 40490.45263478636, 40491.48499847169, 40492.59511568636, 40493.50626354442, 40493.96066263573, 40494.5452681743, 40495.42270532651, 40495.83285673199, 40496.398953531054, 40497.497889564336, 40498.13621385363, 40498.641484384185, 40499.29880279305, 40500.25545207266, 40501.05633597685, 40501.50524481003, 40502.62341620457, 40502.90045409349, 40504.14924756318, 40505.01945870663, 40505.30738956256, 40505.86548602729, 40506.398650072995, 40507.32893970223, 40507.918286204644, 40508.75709881004, 40509.20851893221, 40510.56833673214, 40511.218686460634, 40511.80182463123, 40512.577200828215, 40513.293537123944, 40513.72132823336, 40514.331891209695, 40515.44945395564, 40516.226816595234, 40516.42395688054, 40517.68735727615, 40517.9166987708, 40518.26104539847, 40519.593271595804, 40520.64957848902, 40521.375012756755, 40521.7750989669, 40522.41782965252, 40523.45700032714, 40523.82394570458, 40524.617820027204, 40525.03195709426, 40525.614842284616, 40526.72305518467, 40527.502606453905, 40528.26397397883, 40528.98895778775, 40529.84767889113, 40530.15690768074, 40531.18337790216, 40531.73099509353, 40532.7355764567, 40533.226366412535, 40533.895022597884, 40534.615963346696, 40534.98873940753, 40535.95493591894, 40536.54508919638, 40537.415286918156, 40538.244321110295, 40539.45569854459, 40539.99916951827, 40540.40071312375, 40540.98998266889, 40541.589799738875, 40542.37671411757, 40543.12365664336, 40544.034906895824, 40544.637775336305, 40545.21537883241, 40545.765788134064, 40547.20801236871, 40547.625979906865, 40547.95975260432, 40549.21136704661, 40549.867447115146, 40550.392191982864, 40551.271551698606, 40551.82885962889, 40552.41066531875, 40553.22511029899, 40553.36826158201, 40554.37941178535, 40555.74454022594, 40556.33912800383, 40556.962079447825, 40557.81915603821, 40558.04139572935, 40559.152798003524, 40559.75055992099, 40560.301179583395, 40560.90904851835, 40561.88056842655, 40562.69593023256, 40563.140556969876, 40563.777507350416, 40564.51788123816, 40565.37887908428, 40566.47695253839, 40567.14864435698, 40567.63707836621, 40568.56664507461, 40569.00642598937, 40569.49640836817, 40570.26149661057, 40571.0443494683, 40571.69242470504, 40572.39997548869, 40573.34601042306, 40574.10592704654, 40575.03510028682, 40575.75572679436, 40576.10714734943, 40576.665866818235, 40577.48360887462, 40578.66255309618, 40579.363050556545, 40579.523739270226, 40580.18438833216, 40580.89542435955, 40581.956730283884, 40582.19102921739, 40583.6609078372, 40584.17101855814, 40585.000365006395, 40585.640000801046, 40586.426090169676, 40586.88756556286, 40587.43119852356, 40588.09488217399, 40589.03307139396, 40589.55919846877, 40590.47873712732, 40591.34239131433, 40591.94495444793, 40592.55845947128, 40593.32436828697, 40594.403981949334, 40594.775522444615, 40595.77138738365, 40596.23525780731, 40596.735916987534, 40597.91005104332, 40598.15641265399, 40598.923433305084, 40599.40903016448, 40600.16238339489, 40601.72716215248, 40602.21291796919, 40602.97608576171, 40603.290491728185, 40604.17692204827, 40604.699354801196, 40605.52436450301, 40606.04679276178, 40607.10024269136, 40607.73050198883, 40608.12139530514, 40608.98051300568, 40609.67386176819, 40610.824555447245, 40611.34927945658, 40611.77231848318, 40613.06144958959, 40613.70269131333, 40614.11856232877, 40614.967829332934, 40615.43276207822, 40615.92244938983, 40616.52644281699, 40617.98269827372, 40618.21719400284, 40619.110501203126, 40620.16681560399, 40620.758816383925, 40621.40730242119, 40622.00740570462, 40622.579902791564, 40623.42588804821, 40624.30438614937, 40624.688329928125, 40625.929313381515, 40625.99856755194, 40626.715051405874, 40627.51135399497, 40628.31142137165, 40629.44144562007, 40630.221955095796, 40631.081134834465, 40631.26169354516, 40631.714109731474, 40632.901126937926, 40633.42435896715, 40634.012133198084, 40634.57539976196, 40635.45147144757, 40636.270418288535, 40637.31793693019, 40637.94081418149, 40638.37193775122, 40639.267508745106, 40639.81674736527, 40640.7894709667, 40641.57078368215, 40642.05426189721, 40642.77497265069, 40643.342046256446, 40643.97282628337, 40644.765181199036, 40645.25328688525, 40646.47090660723, 40647.39847034744, 40647.87358431525]}