{
  "n_trials": 150000,
  "deltas": [
    0.0,
    0.25,
    0.5,
    0.75,
    1.0,
    1.25,
    1.5,
    1.75,
    2.0,
    2.25,
    2.5,
    2.75,
    3.0,
    3.25,
    3.5,
    3.75,
    4.0,
    4.25,
    4.5,
    4.75,
    5.0
  ],
  "validation": [
    {
      "label": "N=5,W=1,R=1,Exp",
      "config": {
        "n_replicas": 5,
        "w": 1,
        "r": 1,
        "family": "exponential",
        "rate": 1.0
      },
      "theory_curve": [
        0.7982266666666666,
        0.62174,
        0.48614,
        0.37644,
        0.29302666666666666,
        0.23006666666666667,
        0.17704666666666666,
        0.13868,
        0.10741333333333333,
        0.08498,
        0.06485333333333333,
        0.05086,
        0.039953333333333334,
        0.03104,
        0.024446666666666665,
        0.019413333333333335,
        0.01458,
        0.011706666666666667,
        0.009093333333333333,
        0.006546666666666667,
        0.00512
      ],
      "empirical_curve": [
        0.7999066666666667,
        0.6231466666666666,
        0.48542,
        0.3759266666666667,
        0.2929466666666667,
        0.23054,
        0.17938,
        0.13922666666666667,
        0.10925333333333333,
        0.08424666666666666,
        0.06502666666666666,
        0.05144,
        0.04005333333333334,
        0.031433333333333334,
        0.024546666666666668,
        0.018706666666666667,
        0.014133333333333333,
        0.0116,
        0.008953333333333334,
        0.007213333333333334,
        0.005366666666666666
      ],
      "sup_distance": 0.002333333333333354,
      "area_between": 0.003255833333333324,
      "noise_floor": 0.003872983346207417,
      "matches_theory": true
    },
    {
      "label": "N=5,W=2,R=2,Exp",
      "config": {
        "n_replicas": 5,
        "w": 2,
        "r": 2,
        "family": "exponential",
        "rate": 1.0
      },
      "theory_curve": [
        0.30115333333333333,
        0.18299333333333334,
        0.10956666666666667,
        0.06762666666666667,
        0.03976,
        0.024886666666666668,
        0.01486,
        0.008806666666666668,
        0.005333333333333333,
        0.0033933333333333333,
        0.0018733333333333334,
        0.0012533333333333333,
        0.0007133333333333333,
        0.0004533333333333333,
        0.00028,
        0.00015333333333333334,
        8e-05,
        7.333333333333333e-05,
        5.333333333333333e-05,
        0.0,
        6.666666666666667e-06
      ],
      "empirical_curve": [
        0.29876,
        0.18264666666666668,
        0.10998,
        0.06675333333333333,
        0.040953333333333335,
        0.024946666666666666,
        0.015013333333333333,
        0.009146666666666668,
        0.0054466666666666665,
        0.0033066666666666665,
        0.002033333333333333,
        0.0010666666666666667,
        0.00062,
        0.00042,
        0.00023333333333333333,
        0.00010666666666666667,
        0.00012666666666666666,
        7.333333333333333e-05,
        1.3333333333333333e-05,
        3.3333333333333335e-05,
        1.3333333333333333e-05
      ],
      "sup_distance": 0.002393333333333303,
      "area_between": 0.00136666666666666,
      "noise_floor": 0.003872983346207417,
      "matches_theory": true
    },
    {
      "label": "N=7,W=2,R=2,LogNormal",
      "config": {
        "n_replicas": 7,
        "w": 2,
        "r": 2,
        "family": "lognormal",
        "rate": 1.0,
        "sigma": 1.0
      },
      "theory_curve": [
        0.47824,
        0.24478,
        0.13146666666666668,
        0.07374,
        0.043326666666666666,
        0.0263,
        0.01670666666666667,
        0.010726666666666667,
        0.00742,
        0.00526,
        0.00332,
        0.0024733333333333335,
        0.00186,
        0.0011866666666666666,
        0.0009266666666666667,
        0.0008466666666666667,
        0.00054,
        0.00042,
        0.00027333333333333333,
        0.00024,
        0.00023333333333333333
      ],
      "empirical_curve": [
        0.47723333333333334,
        0.24587333333333333,
        0.13024666666666668,
        0.0716,
        0.043153333333333335,
        0.02582,
        0.016313333333333332,
        0.011106666666666667,
        0.00752,
        0.004926666666666667,
        0.00318,
        0.0022466666666666668,
        0.00192,
        0.0015066666666666666,
        0.0011266666666666667,
        0.00084,
        0.00056,
        0.0005533333333333333,
        0.00038,
        0.00022666666666666666,
        0.00023333333333333333
      ],
      "sup_distance": 0.002140000000000003,
      "area_between": 0.002010833333333333,
      "noise_floor": 0.003872983346207417,
      "matches_theory": true
    }
  ],
  "divergence_example": {
    "config": {
      "n_replicas": 6,
      "w": 2,
      "r": 2,
      "family": "exponential",
      "rate": 1.0
    },
    "sigma_het": 1.5,
    "theory_curve": [
      0.3988466666666667,
      0.24143333333333333,
      0.14782666666666666,
      0.08908,
      0.053766666666666664,
      0.032573333333333336,
      0.01956,
      0.0125,
      0.00732,
      0.004326666666666667,
      0.0028333333333333335,
      0.0014733333333333334,
      0.00094,
      0.00042,
      0.00034666666666666667,
      0.00016666666666666666,
      0.00012666666666666666,
      4.6666666666666665e-05,
      2e-05,
      1.3333333333333333e-05,
      1.3333333333333333e-05
    ],
    "empirical_curve": [
      0.8786866666666666,
      0.76536,
      0.6673333333333333,
      0.5829466666666666,
      0.5083066666666667,
      0.44290666666666667,
      0.38654,
      0.33680666666666664,
      0.29428666666666664,
      0.2564533333333333,
      0.22433333333333333,
      0.19538666666666665,
      0.1701,
      0.14830666666666667,
      0.12910666666666668,
      0.11219333333333334,
      0.09783333333333333,
      0.08553333333333334,
      0.07421333333333334,
      0.06454,
      0.05644
    ],
    "sup_distance": 0.5239266666666667,
    "area_between": 1.2989616666666663
  },
  "divergence_sweep": {
    "config": {
      "n_replicas": 6,
      "w": 2,
      "r": 2,
      "family": "exponential",
      "rate": 1.0
    },
    "sigma_het_values": [
      0.0,
      0.25,
      0.5,
      0.75,
      1.0,
      1.25,
      1.5,
      1.75,
      2.0
    ],
    "reps_per_level": 12,
    "sweep_trials": 60000,
    "sup_distances": [
      0.0009322222222222232,
      0.11055666666666669,
      0.22959499999999997,
      0.2724658333333334,
      0.3664491666666666,
      0.41155527777777795,
      0.49058527777777794,
      0.5202297222222224,
      0.5964002777777777
    ],
    "areas": [
      0.0012756597222222355,
      0.11989812500000002,
      0.36825263888888893,
      0.48999899305555555,
      0.6971581944444444,
      0.8836670486111111,
      1.1908578472222224,
      1.5224882291666668,
      2.0373991666666664
    ],
    "noise_floor": 0.006123724356957945
  },
  "success_metrics": {
    "all_validation_configs_match_theory": true,
    "divergence_sweep_monotonic_nondecreasing": true,
    "divergence_example_sup_distance_exceeds_noise_floor": true
  },
  "elapsed_seconds": 8.49155044555664
}