x_variable,slope,stderr,intercept,r_squared,p_value
d,2.4521162557486527,0.21252256445334125,3.756911937306765,0.9925444796320643,0.05503769451462827
