x_variable,slope,stderr,intercept,r_squared,p_value
p,0.7341550342100308,0.042364060386960146,3.5712062612636193,0.9901093685527226,0.000418714952640723
