n_points,spearman_rho,spearman_p
27,0.4490831387994795,0.01878257211198112
