T,L,energy_sim,energy_exact,energy_abs_error,magnetization_sim,magnetization_exact,magnetization_abs_error
0.8,64,-1.9700284423828125,-1.9996293070838325,0.02960086470101997,0.7439371948242188,0.9999066806626417,0.25596948583842283
1.2,64,-1.967089599609375,-1.9885966902035597,0.021507090594184763,0.808601806640625,0.9970259020011376,0.18842409536051263
1.6,64,-1.9282918701171874,-1.9282419535366149,4.991658057251769e-05,0.9796441650390625,0.979622092146775,2.2072892287505752e-05
2.0,64,-1.7451102294921874,-1.7455645753125535,0.0004543458203660755,0.9109930419921874,0.911319377877496,0.0003263358853085041
2.269185314213022,64,-1.4248880615234374,-1.4142135623730951,0.010674499150342243,0.6097660522460937,0.0,0.6097660522460937
2.5,64,-1.1054304199218752,-1.1060792037457927,0.0006487838239175314,0.10583905029296875,0.0,0.10583905029296875
3.0,64,-0.8164705810546875,-0.8173095925024205,0.0008390114477330179,0.042825927734375,0.0,0.042825927734375
4.0,64,-0.5573214111328124,-0.5572722406284901,4.917050432229342e-05,0.02592401123046875,0.0,0.02592401123046875
