{
  "alpha_used": 4.3,
  "pearson_r": 0.28607033586179265,
  "pearson_p": 0.003910495319651914,
  "n": 100
}