{
  "80": {
    "r_grid": [
      0.0660218334941504,
      0.07977638213876506,
      0.09353093078337973,
      0.1072854794279944,
      0.12104002807260907,
      0.13479457671722372,
      0.1485491253618384,
      0.16230367400645307,
      0.17605822265106774,
      0.18981277129568241,
      0.2035673199402971,
      0.2173218685849117,
      0.23107641722952638,
      0.24483096587414105,
      0.2585855145187557,
      0.2723400631633704,
      0.28609461180798507,
      0.29984916045259974,
      0.3136037090972144,
      0.3273582577418291,
      0.34111280638644376,
      0.3548673550310584,
      0.36862190367567305,
      0.3823764523202877,
      0.3961310009649024
    ],
    "r_over_rc": [
      0.5,
      0.6041666666666666,
      0.7083333333333333,
      0.8125,
      0.9166666666666666,
      1.0208333333333333,
      1.125,
      1.2291666666666665,
      1.3333333333333333,
      1.4375,
      1.5416666666666667,
      1.645833333333333,
      1.7499999999999998,
      1.8541666666666665,
      1.9583333333333333,
      2.0625,
      2.1666666666666665,
      2.2708333333333335,
      2.375,
      2.4791666666666665,
      2.5833333333333335,
      2.6874999999999996,
      2.7916666666666665,
      2.895833333333333,
      3.0
    ],
    "mean_betti0": [
      44.75,
      33.0,
      22.15,
      12.1,
      5.85,
      2.1,
      1.65,
      1.2,
      1.0,
      1.0,
      1.0,
      1.0,
      1.0,
      1.0,
      1.0,
      1.0,
      1.0,
      1.0,
      1.0,
      1.0,
      1.0,
      1.0,
      1.0,
      1.0,
      1.0
    ],
    "mean_betti1": [
      0.1,
      0.15,
      0.55,
      1.3,
      1.95,
      4.65,
      7.05,
      8.25,
      8.05,
      8.5,
      8.05,
      7.65,
      6.05,
      4.8,
      3.75,
      2.95,
      2.45,
      2.2,
      2.05,
      2.0,
      1.45,
      0.0,
      0.0,
      0.0,
      0.0
    ],
    "frac_connected": [
      0.0,
      0.0,
      0.0,
      0.0,
      0.0,
      0.25,
      0.45,
      0.8,
      1.0,
      1.0,
      1.0,
      1.0,
      1.0,
      1.0,
      1.0,
      1.0,
      1.0,
      1.0,
      1.0,
      1.0,
      1.0,
      1.0,
      1.0,
      1.0,
      1.0
    ]
  },
  "320": {
    "r_grid": [
      0.03787431517164169,
      0.04576479749906705,
      0.0536552798264924,
      0.06154576215391775,
      0.06943624448134311,
      0.07732672680876845,
      0.08521720913619381,
      0.09310769146361916,
      0.10099817379104452,
      0.10888865611846987,
      0.11677913844589523,
      0.12466962077332058,
      0.13256010310074592,
      0.1404505854281713,
      0.14834106775559663,
      0.15623155008302197,
      0.16412203241044734,
      0.17201251473787268,
      0.17990299706529805,
      0.1877934793927234,
      0.19568396172014876,
      0.2035744440475741,
      0.21146492637499947,
      0.21935540870242481,
      0.22724589102985016
    ],
    "r_over_rc": [
      0.5,
      0.6041666666666667,
      0.7083333333333334,
      0.8125,
      0.9166666666666667,
      1.0208333333333333,
      1.125,
      1.2291666666666667,
      1.3333333333333335,
      1.4375,
      1.5416666666666667,
      1.6458333333333335,
      1.75,
      1.854166666666667,
      1.9583333333333335,
      2.0625,
      2.166666666666667,
      2.2708333333333335,
      2.375,
      2.4791666666666665,
      2.5833333333333335,
      2.6875,
      2.791666666666667,
      2.8958333333333335,
      3.0
    ],
    "mean_betti0": [
      146.45,
      95.3,
      52.25,
      22.6,
      6.65,
      2.65,
      1.45,
      1.05,
      1.0,
      1.0,
      1.0,
      1.0,
      1.0,
      1.0,
      1.0,
      1.0,
      1.0,
      1.0,
      1.0,
      1.0,
      1.0,
      1.0,
      1.0,
      1.0,
      1.0
    ],
    "mean_betti1": [
      0.55,
      1.8,
      3.35,
      8.25,
      18.25,
      28.95,
      33.4,
      32.2,
      30.0,
      24.65,
      19.35,
      13.5,
      9.65,
      6.45,
      3.7,
      2.75,
      2.4,
      2.05,
      2.05,
      2.05,
      2.0,
      2.0,
      2.0,
      2.0,
      2.0
    ],
    "frac_connected": [
      0.0,
      0.0,
      0.0,
      0.0,
      0.0,
      0.1,
      0.6,
      0.95,
      1.0,
      1.0,
      1.0,
      1.0,
      1.0,
      1.0,
      1.0,
      1.0,
      1.0,
      1.0,
      1.0,
      1.0,
      1.0,
      1.0,
      1.0,
      1.0,
      1.0
    ]
  }
}