{
  "n_max": 1000000000,
  "num_windows": 10,
  "digits": [
    1,
    3,
    7,
    9
  ],
  "windows": [
    {
      "lo": 10000,
      "hi": 31623,
      "scale": 17782.856913330885,
      "total_pairs": 2172,
      "same_digit_fraction": 0.1279926335174954,
      "bias": 0.1220073664825046,
      "chi2": 312.5230202578269,
      "chi2_p_value": 1.3890612429585657e-57,
      "binomial_p_value_less_than_quarter": 3.2363710595814156e-45,
      "matrix": [
        [
          73,
          200,
          187,
          81
        ],
        [
          116,
          51,
          163,
          213
        ],
        [
          142,
          164,
          77,
          167
        ],
        [
          210,
          128,
          123,
          77
        ]
      ]
    },
    {
      "lo": 31623,
      "hi": 100000,
      "scale": 56234.33115099707,
      "total_pairs": 6191,
      "same_digit_fraction": 0.14714908738491358,
      "bias": 0.10285091261508642,
      "chi2": 610.3955742206429,
      "chi2_p_value": 2.1940639382207673e-120,
      "binomial_p_value_less_than_quarter": 3.0279980155369286e-87,
      "matrix": [
        [
          237,
          492,
          550,
          261
        ],
        [
          339,
          224,
          453,
          533
        ],
        [
          397,
          443,
          204,
          509
        ],
        [
          567,
          391,
          345,
          246
        ]
      ]
    },
    {
      "lo": 100000,
      "hi": 316228,
      "scale": 177828.00679308083,
      "total_pairs": 17701,
      "same_digit_fraction": 0.15253375515507597,
      "bias": 0.09746624484492403,
      "chi2": 1494.5916614880516,
      "chi2_p_value": 7.29293060389567e-310,
      "binomial_p_value_less_than_quarter": 4.3425778873111917e-219,
      "matrix": [
        [
          719,
          1415,
          1498,
          780
        ],
        [
          989,
          633,
          1346,
          1474
        ],
        [
          1157,
          1242,
          606,
          1423
        ],
        [
          1548,
          1151,
          978,
          742
        ]
      ]
    },
    {
      "lo": 316228,
      "hi": 1000000,
      "scale": 562341.5332340302,
      "total_pairs": 51205,
      "same_digit_fraction": 0.15658627087198515,
      "bias": 0.09341372912801485,
      "chi2": 3882.674406796211,
      "chi2_p_value": 0.0,
      "binomial_p_value_less_than_quarter": 0.0,
      "matrix": [
        [
          2143,
          4088,
          4192,
          2395
        ],
        [
          2890,
          1871,
          3757,
          4303
        ],
        [
          3283,
          3505,
          1956,
          4038
        ],
        [
          4501,
          3358,
          2877,
          2048
        ]
      ]
    },
    {
      "lo": 1000000,
      "hi": 3162278,
      "scale": 1778279.5055896023,
      "total_pairs": 149149,
      "same_digit_fraction": 0.1589953670490583,
      "bias": 0.09100463295094169,
      "chi2": 10112.907166658844,
      "chi2_p_value": 0.0,
      "binomial_p_value_less_than_quarter": 0.0,
      "matrix": [
        [
          6280,
          11637,
          12036,
          7337
        ],
        [
          8579,
          5654,
          10997,
          12035
        ],
        [
          9536,
          10326,
          5655,
          11790
        ],
        [
          12895,
          9648,
          8619,
          6125
        ]
      ]
    },
    {
      "lo": 3162278,
      "hi": 10000000,
      "scale": 5623413.554061269,
      "total_pairs": 436932,
      "same_digit_fraction": 0.16611280473849477,
      "bias": 0.08388719526150523,
      "chi2": 25002.898721082456,
      "chi2_p_value": 0.0,
      "binomial_p_value_less_than_quarter": 0.0,
      "matrix": [
        [
          18819,
          33687,
          34736,
          21955
        ],
        [
          25530,
          17464,
          31840,
          34466
        ],
        [
          28036,
          30016,
          17398,
          33833
        ],
        [
          36812,
          28132,
          25309,
          18899
        ]
      ]
    },
    {
      "lo": 10000000,
      "hi": 31622777,
      "scale": 17782794.21238406,
      "total_pairs": 1287379,
      "same_digit_fraction": 0.1702451259497009,
      "bias": 0.0797548740502991,
      "chi2": 64892.00826718472,
      "chi2_p_value": 0.0,
      "binomial_p_value_less_than_quarter": 0.0,
      "matrix": [
        [
          56535,
          98257,
          100422,
          66582
        ],
        [
          75847,
          53150,
          92387,
          100423
        ],
        [
          82489,
          88209,
          52940,
          98294
        ],
        [
          106925,
          82191,
          76183,
          56545
        ]
      ]
    },
    {
      "lo": 31622777,
      "hi": 100000000,
      "scale": 56234132.87319366,
      "total_pairs": 3809497,
      "same_digit_fraction": 0.17387676115770664,
      "bias": 0.07612323884229336,
      "chi2": 172445.10286974895,
      "chi2_p_value": 0.0,
      "binomial_p_value_less_than_quarter": 0.0,
      "matrix": [
        [
          170080,
          287867,
          293230,
          201221
        ],
        [
          226165,
          161004,
          272158,
          293110
        ],
        [
          243385,
          259610,
          161339,
          288018
        ],
        [
          312768,
          243956,
          225626,
          169960
        ]
      ]
    },
    {
      "lo": 100000000,
      "hi": 316227766,
      "scale": 177827940.99915794,
      "total_pairs": 11321211,
      "same_digit_fraction": 0.17759690195686662,
      "bias": 0.07240309804313338,
      "chi2": 456593.42294097337,
      "chi2_p_value": 0.0,
      "binomial_p_value_less_than_quarter": 0.0,
      "matrix": [
        [
          514534,
          848189,
          859901,
          607508
        ],
        [
          676688,
          490947,
          803501,
          859268
        ],
        [
          723153,
          768305,
          490214,
          848655
        ],
        [
          915757,
          722963,
          676711,
          514917
        ]
      ]
    },
    {
      "lo": 316227766,
      "hi": 1000000000,
      "scale": 562341325.1753778,
      "total_pairs": 33764867,
      "same_digit_fraction": 0.18108885191225543,
      "bias": 0.06891114808774457,
      "chi2": 1221732.8507994716,
      "chi2_p_value": 0.0,
      "binomial_p_value_less_than_quarter": 0.0,
      "matrix": [
        [
          1558953,
          2509815,
          2535388,
          1836800
        ],
        [
          2029617,
          1498656,
          2378766,
          2534582
        ],
        [
          2152034,
          2281798,
          1497537,
          2510122
        ],
        [
          2700352,
          2151352,
          2029800,
          1559295
        ]
      ]
    }
  ],
  "decay_fit": {
    "slope": 0.9117773038186078,
    "intercept": 0.024601086053826188,
    "r_squared": 0.9735415943602734,
    "p_value": 1.3544455639022573e-07,
    "stderr": 0.05314328097064577
  },
  "overall": {
    "total_pairs": 50846304,
    "same_digit_fraction": 0.1792619380948515,
    "matrix": [
      [
        2328373,
        3795647,
        3842140,
        2744920
      ],
      [
        3046760,
        2229654,
        3595368,
        3840407
      ],
      [
        3243612,
        3443618,
        2227926,
        3796849
      ],
      [
        4092335,
        3243270,
        3046571,
        2328854
      ]
    ],
    "chi2": 1951172.9401855443,
    "chi2_p_value": 0.0,
    "binomial_p_value_less_than_quarter": 0.0
  }
}