rho,empirical_corr_mean,empirical_corr_sem,theoretical_corr,abs_error
0.0,1.4015075376884285e-05,4.804239664389514e-05,0.0,1.4015075376884285e-05
0.05,0.0315465527638191,0.00022688746142863738,0.03184426647332069,0.0002977137095015944
0.1,0.0632611407035176,0.000662918224037971,0.06376856085851985,0.0005074201550022556
0.2,0.1277335879396985,0.0008163349256116001,0.12818843369794988,0.0004548457582513876
0.3,0.19530358793969851,0.0017290269948011267,0.19397336804135656,0.00133021989834195
0.4,0.2614164974874372,0.0015613748409267158,0.2619797608689093,0.0005632633814720567
0.5,0.32944924623115573,0.0020751592402672913,0.33333333333333337,0.0038840871021776358
0.7,0.4984369396984925,0.002165470159069432,0.49363337778673,0.004803561911762511
0.9,0.7127478090452262,0.004454738795678448,0.7128674137425876,0.00011960469736138624
