name,d,computed_lambda1,exact_lambda1,computed_lambda2_abs,exact_lambda2_abs
K_{4},3,3.0,3.0,1.0,1.0
K_{6},5,4.999999999999997,5.0,1.000000000000001,1.0
K_{9},8,8.0,8.0,1.0000000000000004,1.0
"K_{3,3}",3,3.0,3.0,3.0000000000000004,3.0
"K_{5,5}",5,5.0,5.0,5.0,5.0
"K_{8,8}",8,8.0,8.0,8.0,8.0
Petersen,3,3.000000000000001,3.0,2.0000000000000013,2.0
