d,n,trials,pairing_mean,pairing_std,networkx_mean,networkx_std,mean_diff,pooled_standard_error,diff_in_standard_errors
3,100,150,2.8049097513845647,0.023025723251500905,2.8036478337503707,0.025121290663045907,0.0012619176341939209,0.0027824008527791806,0.4535355259589803
3,500,150,2.822419847849727,0.0080553717146017,2.8218805347214753,0.00796898452115944,0.0005393131282516173,0.0009251800825024422,0.5829277331531763
4,100,150,3.4001969407154267,0.036966666440734736,3.401020653490847,0.046890053425834785,-0.000823712775420482,0.004875251472500801,-0.16895800761595414
4,500,150,3.4511846973957034,0.01647754136729784,3.4508934358584504,0.01392787271003128,0.00029126153725300696,0.001761618588567241,0.16533745678166106
