{"8": [0.675, 0.675, 0.675, 0.675, 0.675, 0.675, 0.675, 0.675, 0.675, 0.675, 0.675, 0.675, 0.675, 0.675, 0.675, 0.675, 0.675, 0.675, 0.675, 0.675, 0.675, 0.675, 0.675, 0.675, 0.675, 0.675, 0.675, 0.675, 0.675, 0.675, 0.675, 0.675, 0.675, 0.675, 0.675, 0.675, 0.675, 0.675, 0.675, 0.675, 0.675, 0.675, 0.675, 0.675, 0.675, 0.675, 0.675, 0.675, 0.675, 0.675, 0.675, 0.675, 0.675, 0.675, 0.675, 0.675, 0.675, 0.675, 0.675, 0.675, 0.675, 0.675, 0.675, 0.675, 0.675, 0.675, 0.675, 0.675, 0.675, 0.675, 0.675, 0.675, 0.675, 0.675, 0.675, 0.675, 0.675, 0.675, 0.675, 0.675, 0.675], "32": [0.65375, 0.64625, 0.64625, 0.64625, 0.64625, 0.64625, 0.64625, 0.64625, 0.64625, 0.64625, 0.64625, 0.64625, 0.64625, 0.64625, 0.64625, 0.64625, 0.64625, 0.64625, 0.64625, 0.64625, 0.64625, 0.64625, 0.64625, 0.64625, 0.64625, 0.64625, 0.64625, 0.64625, 0.64625, 0.64625, 0.64625, 0.64625, 0.64625, 0.64625, 0.64625, 0.64625, 0.64625, 0.64625, 0.64625, 0.64625, 0.64625, 0.64625, 0.64625, 0.64625, 0.64625, 0.64625, 0.64625, 0.64625, 0.64625, 0.64625, 0.64625, 0.64625, 0.64625, 0.64625, 0.64625, 0.64625, 0.64625, 0.64625, 0.64625, 0.64625, 0.64625, 0.64625, 0.64625, 0.64625, 0.64625, 0.64625, 0.64625, 0.64625, 0.64625, 0.64625, 0.64625, 0.64625, 0.64625, 0.64625, 0.64625, 0.64625, 0.64625, 0.64625, 0.64625, 0.64625, 0.64625], "128": [0.64375, 0.64375, 0.64375, 0.64375, 0.64375, 0.64375, 0.64375, 0.64375, 0.64375, 0.64375, 0.64375, 0.64375, 0.64375, 0.64375, 0.64375, 0.64375, 0.64375, 0.64375, 0.64375, 0.64375, 0.64375, 0.64375, 0.64375, 0.64375, 0.64375, 0.64375, 0.64375, 0.64375, 0.64375, 0.64375, 0.64375, 0.64375, 0.64375, 0.64375, 0.64375, 0.64375, 0.64375, 0.64375, 0.64375, 0.64375, 0.64375, 0.64375, 0.64375, 0.64375, 0.64375, 0.64375, 0.64375, 0.64375, 0.64375, 0.64375, 0.64375, 0.64375, 0.64375, 0.64375, 0.64375, 0.64375, 0.64375, 0.64375, 0.64375, 0.64375, 0.64375, 0.64375, 0.64375, 0.64375, 0.64375, 0.64375, 0.64375, 0.64375, 0.64375, 0.64375, 0.64375, 0.64375, 0.64375, 0.64375, 0.64375, 0.64375, 0.64375, 0.64375, 0.64375, 0.64375, 0.64375], "512": [0.634140625, 0.634140625, 0.634140625, 0.634140625, 0.634140625, 0.634140625, 0.634140625, 0.634140625, 0.634140625, 0.634140625, 0.634140625, 0.634140625, 0.634140625, 0.634140625, 0.634140625, 0.634140625, 0.634140625, 0.634140625, 0.634140625, 0.634140625, 0.634140625, 0.634140625, 0.634140625, 0.634140625, 0.634140625, 0.634140625, 0.634140625, 0.634140625, 0.634140625, 0.634140625, 0.634140625, 0.634140625, 0.634140625, 0.634140625, 0.634140625, 0.634140625, 0.634140625, 0.634140625, 0.634140625, 0.634140625, 0.634140625, 0.634140625, 0.634140625, 0.634140625, 0.634140625, 0.634140625, 0.634140625, 0.634140625, 0.634140625, 0.634140625, 0.634140625, 0.634140625, 0.634140625, 0.634140625, 0.634140625, 0.634140625, 0.634140625, 0.634140625, 0.634140625, 0.634140625, 0.634140625, 0.634140625, 0.634140625, 0.634140625, 0.634140625, 0.634140625, 0.634140625, 0.634140625, 0.634140625, 0.634140625, 0.634140625, 0.634140625, 0.634140625, 0.634140625, 0.634140625, 0.634140625, 0.634140625, 0.634140625, 0.634140625, 0.634140625, 0.634140625]}