{
  "delta": 0.3,
  "exp3_scaling_over_T": {
    "t_values": [
      500,
      1000,
      2000,
      4000,
      8000,
      16000,
      32000
    ],
    "mean_regret": [
      104.06666666666666,
      167.4,
      283.93333333333334,
      389.06666666666666,
      566.2666666666667,
      789.4666666666667,
      1149.6
    ],
    "fitted_exponent_T": 0.566705110882181,
    "r_squared_T": 0.9929461561798086,
    "n_seeds": 15
  },
  "exp3_scaling_over_K": {
    "k_values": [
      2,
      4,
      8,
      16,
      32,
      64
    ],
    "mean_regret": [
      148.06666666666666,
      327.06666666666666,
      558.1333333333333,
      953.8,
      1419.2,
      1906.4666666666667
    ],
    "fitted_exponent_K": 0.7302358099530987,
    "bound_exponent_K": 0.7472233469649534,
    "r_squared_K": 0.9753182115311702,
    "horizon": 8000,
    "n_seeds": 15
  },
  "stochastic_comparison": {
    "t_values": [
      500,
      1000,
      2000,
      4000,
      8000,
      16000,
      32000
    ],
    "exp3_mean_regret": [
      100.8,
      164.53333333333333,
      291.46666666666664,
      368.06666666666666,
      555.8,
      798.6,
      1087.1333333333334
    ],
    "ucb1_mean_regret": [
      88.8,
      137.6,
      191.46666666666667,
      253.73333333333332,
      297.26666666666665,
      367.46666666666664,
      400.8666666666667
    ],
    "exp3_fitted_exponent": 0.5636537620673489,
    "exp3_r_squared": 0.9888211330718885,
    "ucb1_fitted_log_coef": 77.37654402634476,
    "ucb1_r_squared": 0.9964588857393291,
    "ucb1_wins_at_max_T": true,
    "n_seeds": 15
  },
  "switching_sweep": {
    "horizon": 8000,
    "n_arms": 5,
    "segment_lengths": [
      5,
      8,
      15,
      31,
      62,
      125,
      250,
      500,
      1000,
      2000,
      4000
    ],
    "exp3_mean_regret": [
      1923.1999999997997,
      1916.9249999998008,
      1913.7249999998012,
      1922.7249999997996,
      1920.5749999998004,
      1916.6249999998008,
      1920.5999999998003,
      1903.4749999998028,
      1873.8999999998075,
      1796.949999999819,
      1357.1249999998856
    ],
    "ucb1_mean_regret": [
      1915.0249999998011,
      1886.2749999998057,
      1767.7249999998232,
      1545.5499999998572,
      1289.474999999896,
      957.6749999999461,
      771.0999999999743,
      563.1250000000055,
      413.2250000000099,
      289.7000000000052,
      209.02500000000217
    ],
    "ucb1_never_worse_than_exp3": true,
    "n_seeds": 12
  },
  "wall_clock_seconds": 119.78025722503662
}